,id,name,createdAt
0,MDEwOlJlcG9zaXRvcnkyODQ1NzgyMw==,freeCodeCamp,2014-12-24T17:49:19Z
1,MDEwOlJlcG9zaXRvcnkxNzc3MzY1MzM=,996.ICU,2019-03-26T07:31:14Z
2,MDEwOlJlcG9zaXRvcnkxMzQ5MTg5NQ==,free-programming-books,2013-10-11T06:50:37Z
3,MDEwOlJlcG9zaXRvcnk2MDQ5MzEwMQ==,coding-interview-university,2016-06-06T02:34:12Z
4,MDEwOlJlcG9zaXRvcnkxMTczMDM0Mg==,vue,2013-07-29T03:24:51Z
5,MDEwOlJlcG9zaXRvcnkyMTczNzQ2NQ==,awesome,2014-07-11T13:42:37Z
6,MDEwOlJlcG9zaXRvcnk4NTA3NzU1OA==,developer-roadmap,2017-03-15T13:45:52Z
7,MDEwOlJlcG9zaXRvcnkxMDI3MDI1MA==,react,2013-05-24T16:15:54Z
8,MDEwOlJlcG9zaXRvcnk1NDM0Njc5OQ==,public-apis,2016-03-20T23:49:42Z
9,MDEwOlJlcG9zaXRvcnk4MzIyMjQ0MQ==,system-design-primer,2017-02-26T16:15:28Z
10,MDEwOlJlcG9zaXRvcnk0NTcxNzI1MA==,tensorflow,2015-11-07T01:19:20Z
11,MDEwOlJlcG9zaXRvcnkyMTI2MjQ0,bootstrap,2011-07-29T21:19:00Z
12,MDEwOlJlcG9zaXRvcnkxNDQ0MDI3MA==,You-Dont-Know-JS,2013-11-16T02:37:24Z
13,MDEwOlJlcG9zaXRvcnkxMjEzOTU1MTA=,CS-Notes,2018-02-13T14:56:24Z
14,MDEwOlJlcG9zaXRvcnkyOTExMzc=,ohmyzsh,2009-08-28T18:15:37Z
15,MDEwOlJlcG9zaXRvcnkzMTc5MjgyNA==,flutter,2015-03-06T22:54:58Z
16,MDEwOlJlcG9zaXRvcnkxMjY1NzcyNjA=,javascript-algorithms,2018-03-24T07:47:04Z
17,MDEwOlJlcG9zaXRvcnkxMzI3NTA3MjQ=,build-your-own-x,2018-05-09T12:03:18Z
18,MDEwOlJlcG9zaXRvcnkxMDYyODk3,gitignore,2010-11-08T20:17:14Z
19,MDEwOlJlcG9zaXRvcnk2MzQ3NjMzNw==,Python,2016-07-16T09:44:01Z
20,MDEwOlJlcG9zaXRvcnk0MTg4MTkwMA==,vscode,2015-09-03T20:23:38Z
21,MDEwOlJlcG9zaXRvcnkyMzI1Mjk4,linux,2011-09-04T22:48:12Z
22,MDEwOlJlcG9zaXRvcnk2NDk4NDky,javascript,2012-11-01T23:13:50Z
23,MDEwOlJlcG9zaXRvcnkyMTI4OTExMA==,awesome-python,2014-06-27T21:00:06Z
24,MDEwOlJlcG9zaXRvcnkxMzI0NjQzOTU=,JavaGuide,2018-05-07T13:27:00Z
25,MDEwOlJlcG9zaXRvcnkxMjM0NTg1NTE=,Python-100-Days,2018-03-01T16:05:52Z
26,MDEwOlJlcG9zaXRvcnkxOTQxNTA2NA==,computer-science,2014-05-04T00:18:39Z
27,MDEwOlJlcG9zaXRvcnkxMDM5NTIw,youtube-dl,2010-10-31T14:35:07Z
28,MDEwOlJlcG9zaXRvcnkyNDE1NzYyNzA=,fucking-algorithm,2020-02-19T09:01:23Z
29,MDEwOlJlcG9zaXRvcnkzNTk1NTY2Ng==,the-art-of-command-line,2015-05-20T15:11:03Z
30,MDEwOlJlcG9zaXRvcnkyOTAyODc3NQ==,react-native,2015-01-09T18:10:16Z
31,MDEwOlJlcG9zaXRvcnk5Mzg0MjY3,electron,2013-04-12T01:47:36Z
32,MDEwOlJlcG9zaXRvcnk5NDMxNDk=,d3,2010-09-27T17:22:42Z
33,MDEwOlJlcG9zaXRvcnkyMzA5Njk1OQ==,go,2014-08-19T04:33:40Z
34,MDEwOlJlcG9zaXRvcnk2MzUzNzI0OQ==,create-react-app,2016-07-17T14:55:11Z
35,MDEwOlJlcG9zaXRvcnkxMTI1MDcwODY=,30-seconds-of-code,2017-11-29T17:35:03Z
36,MDEwOlJlcG9zaXRvcnkyMzA4ODc0MA==,axios,2014-08-18T22:30:27Z
37,MDEwOlJlcG9zaXRvcnkxNDA5ODA2OQ==,free-programming-books-zh_CN,2013-11-04T01:59:19Z
38,MDEwOlJlcG9zaXRvcnkyMDU4MDQ5OA==,kubernetes,2014-06-06T22:56:04Z
39,MDEwOlJlcG9zaXRvcnkyNzE5Mzc3OQ==,node,2014-11-26T19:57:11Z
40,MDEwOlJlcG9zaXRvcnk3MDEwNzc4Ng==,next.js,2016-10-05T23:32:51Z
41,MDEwOlJlcG9zaXRvcnkxMDAwNjA5MTI=,terminal,2017-08-11T18:38:22Z
42,MDEwOlJlcG9zaXRvcnkxMzM0NDIzODQ=,deno,2018-05-15T01:34:26Z
43,MDEwOlJlcG9zaXRvcnkyNDE5NTMzOQ==,angular,2014-09-18T16:12:01Z
44,MDEwOlJlcG9zaXRvcnk1NzYyMDE=,three.js,2010-03-23T18:58:01Z
45,MDEwOlJlcG9zaXRvcnkzNDUyNjg4NA==,ant-design,2015-04-24T15:37:24Z
46,MDEwOlJlcG9zaXRvcnkzNjYzMzM3MA==,awesome-selfhosted,2015-06-01T02:33:17Z
47,MDEwOlJlcG9zaXRvcnkyMDkyOTAyNQ==,TypeScript,2014-06-17T15:28:39Z
48,MDEwOlJlcG9zaXRvcnk5MDc5NjY2Mw==,puppeteer,2017-05-09T22:16:13Z
49,MDEwOlJlcG9zaXRvcnkyMTU0MDc1OQ==,awesome-go,2014-07-06T13:42:15Z
50,MDEwOlJlcG9zaXRvcnkyMzA4MzE1Ng==,material-ui,2014-08-18T19:11:54Z
51,MDEwOlJlcG9zaXRvcnkxMDM2MzM5ODQ=,nodebestpractices,2017-09-15T08:33:19Z
52,MDEwOlJlcG9zaXRvcnk4ODQ2NDcwNA==,vue-element-admin,2017-04-17T03:35:49Z
53,MDEwOlJlcG9zaXRvcnkyNTYxNTgy,animate.css,2011-10-12T10:07:38Z
54,MDEwOlJlcG9zaXRvcnkyMjc5MDQ4OA==,java-design-patterns,2014-08-09T16:45:18Z
55,MDEwOlJlcG9zaXRvcnk1MTExNzgzNw==,models,2016-02-05T01:15:20Z
56,MDEwOlJlcG9zaXRvcnkxNjA2NDAwOTQ=,LeetCodeAnimation,2018-12-06T08:01:22Z
57,MDEwOlJlcG9zaXRvcnkxODQ0NTYyNTE=,PowerToys,2019-05-01T17:44:02Z
58,MDEwOlJlcG9zaXRvcnk1NDE3MzU5Mw==,storybook,2016-03-18T04:23:44Z
59,MDEwOlJlcG9zaXRvcnkzNDcwNDcx,Font-Awesome,2012-02-17T14:19:43Z
60,MDEwOlJlcG9zaXRvcnkxODYzMzI5,laravel,2011-06-08T03:06:08Z
61,MDEwOlJlcG9zaXRvcnkzMzYxNDMwNA==,thefuck,2015-04-08T15:08:04Z
62,MDEwOlJlcG9zaXRvcnk2MjYwNzIyNw==,tech-interview-handbook,2016-07-05T05:00:48Z
63,MDEwOlJlcG9zaXRvcnk3NDc5MTM2Ng==,clean-code-javascript,2016-11-25T22:25:41Z
64,MDEwOlJlcG9zaXRvcnk0NDU3MTcxOA==,awesome-vue,2015-10-20T00:16:14Z
65,MDEwOlJlcG9zaXRvcnk1MjYzMTg0MQ==,realworld,2016-02-26T20:49:53Z
66,MDEwOlJlcG9zaXRvcnk3MjQ3MTI=,rust,2010-06-16T20:39:03Z
67,MDEwOlJlcG9zaXRvcnk4ODAxMTkwOA==,project-based-learning,2017-04-12T05:07:46Z
68,MDEwOlJlcG9zaXRvcnk0MTY0NDgy,django,2012-04-28T02:47:18Z
69,MDEwOlJlcG9zaXRvcnk3NjkxNjMx,moby,2013-01-18T18:10:57Z
70,MDEwOlJlcG9zaXRvcnkyNjUwMDc4Nw==,FiraCode,2014-11-11T19:32:38Z
71,MDEwOlJlcG9zaXRvcnkxMTgxOTI3,bitcoin,2010-12-19T15:16:43Z
72,MDEwOlJlcG9zaXRvcnkxMTE1ODM1OTM=,scrcpy,2017-11-21T18:00:27Z
73,MDEwOlJlcG9zaXRvcnkxNTE4MzQwNjI=,advanced-java,2018-10-06T11:38:30Z
74,MDEwOlJlcG9zaXRvcnkxMzgzOTMxMzk=,the-book-of-secret-knowledge,2018-06-23T10:43:14Z
75,MDEwOlJlcG9zaXRvcnkzNjc4NzMx,webpack,2012-03-10T10:08:14Z
76,MDEwOlJlcG9zaXRvcnk1MTA4MDUx,opencv,2012-07-19T09:40:17Z
77,MDEwOlJlcG9zaXRvcnk2Mjk2Nzkw,spring-boot,2012-10-19T15:02:57Z
78,MDEwOlJlcG9zaXRvcnkxNDc0NzU5OA==,json-server,2013-11-27T13:21:13Z
79,MDEwOlJlcG9zaXRvcnk0NjAwNzg=,angular.js,2010-01-06T00:34:37Z
80,MDEwOlJlcG9zaXRvcnk0NDgzODk0OQ==,swift,2015-10-23T21:15:07Z
81,MDEwOlJlcG9zaXRvcnk1MDc3NzU=,elasticsearch,2010-02-08T13:20:56Z
82,MDEwOlJlcG9zaXRvcnkxNTUyMjA2NDE=,transformers,2018-10-29T13:56:00Z
83,MDEwOlJlcG9zaXRvcnkxODYxNDU4,reveal.js,2011-06-07T18:54:22Z
84,MDEwOlJlcG9zaXRvcnkxMDcxMTE0MjE=,Front-End-Checklist,2017-10-16T10:12:36Z
85,MDEwOlJlcG9zaXRvcnk1OTY4OTI=,flask,2010-04-06T11:11:59Z
86,MDEwOlJlcG9zaXRvcnkxMDc0NDE4Mw==,netdata,2013-06-17T18:39:10Z
87,MDEwOlJlcG9zaXRvcnkzNjUzNTE1Ng==,redux,2015-05-29T23:53:15Z
88,MDEwOlJlcG9zaXRvcnkxMTE4MDY4Nw==,hugo,2013-07-04T15:26:26Z
89,MDEwOlJlcG9zaXRvcnkzMjI4NTA1,atom,2012-01-20T18:18:21Z
90,MDEwOlJlcG9zaXRvcnk4MTk3NTM3Mg==,interviews,2017-02-14T18:19:25Z
91,MDEwOlJlcG9zaXRvcnk4ODQzNjgz,Chart.js,2013-03-17T23:56:36Z
92,MDEwOlJlcG9zaXRvcnk3NDI5MzMyMQ==,svelte,2016-11-20T18:13:05Z
93,MDEwOlJlcG9zaXRvcnkxMjc5ODgwMTE=,mall,2018-04-04T01:11:44Z
94,MDEwOlJlcG9zaXRvcnkyMzcxNTk=,express,2009-06-26T18:56:01Z
95,MDEwOlJlcG9zaXRvcnkxNjcxNzQ=,jquery,2009-04-03T15:20:14Z
96,MDEwOlJlcG9zaXRvcnkyMDkwNDQzNw==,gin,2014-06-16T23:57:25Z
97,MDEwOlJlcG9zaXRvcnk2MTIyMzA=,nvm,2010-04-15T17:47:47Z
98,MDEwOlJlcG9zaXRvcnkxMjgzOTg2MzY=,architect-awesome,2018-04-06T13:30:58Z
99,MDEwOlJlcG9zaXRvcnk1NTc5ODA=,socket.io,2010-03-11T18:24:48Z
